{
    "sim_time_trad": 0.0021071434020996094,
    "sim_time_ai": 0.46252334117889404,
    "clf_time_trad": 0.00013309717178344727,
    "clf_time_ai": 0.6055639386177063,
    "clf_acc_trad": 50.0,
    "clf_acc_ai": 100.0,
    "sum_time_trad": 0.00024771690368652344,
    "sum_time_ai": 1.457263708114624
}