{
    "sim_time_trad": 0.005475521087646484,
    "sim_time_ai": 0.6061980724334717,
    "clf_time_trad": 0.00031369924545288086,
    "clf_time_ai": 0.5521566867828369,
    "clf_acc_trad": 50.0,
    "clf_acc_ai": 100.0,
    "sum_time_trad": 0.0005817413330078125,
    "sum_time_ai": 1.6430530548095703
}